,artist,collab,weight
0,deadmau5,Morgan Page,1
1,deadmau5,Tinlicker,1
2,deadmau5,Grégory Reveret,1
3,deadmau5,Rinzen,2
4,deadmau5,Seismal D,1
5,deadmau5,Sian,1
6,deadmau5,Pig&Dan,2
7,deadmau5,No Mana,1
8,deadmau5,Mad Zach,1
9,deadmau5,Gallya,2
10,deadmau5,Spencer Brown,1
11,deadmau5,Mr. Bill,2
12,deadmau5,Matt Lange,1
13,deadmau5,Dom Kane,1
14,deadmau5,PEEKABOO,1
15,deadmau5,SHOTTY HORROH,3
16,deadmau5,J. Worra,1
17,SHOTTY HORROH,J. Worra,1
18,deadmau5,C.O.Z,1
19,SHOTTY HORROH,C.O.Z,1
20,Scene of Action,deadmau5,3
21,Scene of Action,Mark Mackenzie,1
22,deadmau5,Mark Mackenzie,1
23,Scene of Action,OFFAIAH,1
24,deadmau5,OFFAIAH,1
25,deadmau5,Lights,2
26,deadmau5,Chris Lorenzo,1
27,Lights,Chris Lorenzo,1
28,deadmau5,Monstergetdown,1
29,deadmau5,Rob Swire,10
30,Getter,"nothing,nowhere.",1
31,deadmau5,Latroit,1
32,Rob Swire,Latroit,1
33,deadmau5,ATTLAS,1
34,Rob Swire,ATTLAS,1
35,deadmau5,Grabbitz,2
36,Billy Newton-Davis,deadmau5,5
37,Melleefresh,deadmau5,13
38,deadmau5,Kaskade,4
39,deadmau5,Chris James,4
40,deadmau5,Dillon Francis,1
41,deadmau5,Chuckie,1
42,Rob Swire,Chuckie,1
43,deadmau5,Eric Prydz,2
44,Eric Prydz,Chris James,2
45,deadmau5,Botnek,1
46,deadmau5,Madeon,1
47,deadmau5,Michael Woods,2
48,deadmau5,Shiba San,1
49,Kaskade,Shiba San,1
50,deadmau5,Wax Motif,1
51,deadmau5,NERO,2
52,Rob Swire,NERO,2
53,deadmau5,SOFI,1
54,deadmau5,Cobra Effect,1
55,deadmau5,Chris Lake,2
56,Chris Lake,Michael Woods,1
57,deadmau5,WEISS,1
58,deadmau5,Maywald,1
59,deadmau5,Michael Cassette,1
60,How To Destroy Angels,deadmau5,1
61,Nine Inch Nails,deadmau5,2
62,deadmau5,Colleen D'agostino,1
63,deadmau5,Billy Newton-Davis,1
64,deadmau5,Redux,1
65,Melleefresh,Electro,1
66,deadmau5,Electro,1
67,deadmau5,Wolfgang Gartner,2
68,deadmau5,Gerard Way,2
69,deadmau5,Cypress Hill,2
70,deadmau5,Imogen Heap,2
71,deadmau5,MC Flipside,2
72,Tinlicker,Dosem,2
73,Tinlicker,Run Rivers,4
74,Tinlicker,Joris Delacroix,1
75,Run Rivers,Joris Delacroix,1
76,Tinlicker,Tom Zeta,2
77,Tinlicker,Belle Doron,3
78,Tinlicker,Grum,2
79,Belle Doron,Grum,2
80,Tinlicker,Deeparture,2
81,alt-J,Tinlicker,1
82,Tinlicker,Thomas Oliver,2
83,Tinlicker,Helsloot,1
84,Tinlicker,Devries,1
85,Tinlicker,Laura Louise,1
86,Sian,AG Fernandez,7
87,Sian,CL,1
88,No Mana,Chipzel,1
89,No Mana,Jantine,1
90,No Mana,Voicians,1
91,No Mana,EDDIE,1
92,No Mana,i_o,1
93,No Mana,Fay,1
94,i_o,Fay,1
95,No Mana,Electrocado,1
96,No Mana,Colleen D'agostino,1
97,Mr. Bill,Sorrow,1
98,Mr. Bill,eliderp,3
99,Mr. Bill,sophro,1
100,eliderp,sophro,1
101,Mr. Bill,The Widdler,1
102,Mr. Bill,kLL sMTH,1
103,Mr. Bill,Skope,2
104,Mr. Bill,JustJono,1
105,Mr. Bill,Funi,1
106,Mr. Bill,Patrick Leonard,1
107,Mr. Bill,Au5,10
108,Mr. Bill,Bloom,1
109,Mr. Bill,Jeto,1
110,Au5,Bloom,1
111,Au5,Jeto,1
112,Bloom,Jeto,1
113,Mr. Bill,Clockvice,1
114,Au5,Clockvice,1
115,Mr. Bill,Encanti,2
116,Au5,Encanti,2
117,Mr. Bill,Vorso,1
118,Au5,Vorso,1
119,Encanti,Vorso,1
120,Mr. Bill,COPYCATT,1
121,Au5,COPYCATT,1
122,Mr. Bill,Roger Wilco,1
123,Au5,Roger Wilco,1
124,Mr. Bill,Freddy Todd,1
125,Mr. Bill,Tha Fruitbat,2
126,Mr. Bill,Evoke,1
127,Mr. Bill,Slynk,1
128,Mr. Bill,Kursa,2
129,Mr. Bill,None Like Joshua,1
130,Mr. Bill,The Noisy Freaks,1
131,Mr. Bill,Video Cat,1
132,Mr. Bill,Fine Cut Bodies,1
133,Mr. Bill,Stickybuds,1
134,Mr. Bill,Gruff,1
135,Mr. Bill,Hedflux,1
136,Mr. Bill,Tyrone J Bain,2
137,Mr. Bill,Desiseq,1
138,Mr. Bill,Love,1
139,Mr. Bill,Light,1
140,Love,Light,1
141,Mr. Bill,Mister Rogers,1
142,Tha Fruitbat,Mister Rogers,1
143,Mr. Bill,Loom In Essence,1
144,Mr. Bill,Mustard Tiger,1
145,Mr. Bill,KiloWatts,1
146,Mr. Bill,Mussck,1
147,Mr. Bill,Eelko,1
148,Mussck,Eelko,1
149,Mr. Bill,ill-esha,2
150,Mr. Bill,Goosebumpz,1
151,Mr. Bill,Viscer,1
152,Mr. Bill,iONik,1
153,Mr. Bill,Haywyre,1
154,Mr. Bill,Hypnagog,1
155,Mr. Bill,Sable,1
156,Mr. Bill,The Mollusk,1
157,Sable,The Mollusk,1
158,Mr. Bill,Protostar,1
159,Mr. Bill,Crazy Daylight,1
160,Mr. Bill,Chris Komus,1
161,Mr. Bill,Tom Cosm,1
162,Mr. Bill,Chase Bosward,1
163,Tyrone J Bain,Chase Bosward,1
164,Mr. Bill,Scott Sizemore,1
165,Paul Whitehead,Dom Kane,23
166,Bison Briggz,SHOTTY HORROH,7
167,SHOTTY HORROH,Sha Hustle,1
168,SHOTTY HORROH,JD Era,1
169,SHOTTY HORROH,Bluey Robinson,1
170,SHOTTY HORROH,Madchild,1
171,SHOTTY HORROH,Lindo P,1
172,SHOTTY HORROH,Rick Walker,1
173,Lights,MYTH,8
174,Lights,Owl City,2
175,Lights,Max Kerman,2
176,Lights,Cœur De Pirate,2
177,Lights,Colin Munroe,1
178,Lights,The Angry Kids,1
179,Chris Lorenzo,Chynna,1
180,Chris Lorenzo,Jinadu,1
181,Chris Lorenzo,Denise,1
182,Chris Lorenzo,Puppah Nas-T,1
183,Denise,Puppah Nas-T,1
184,Chris Lorenzo,Dances With White Girls,1
185,Chris Lorenzo,Cause & Affect,1
186,Chris Lorenzo,The Streets,1
187,Chris Lorenzo,Redlight,1
188,Chris Lorenzo,Marc Spence,1
189,Chris Lorenzo,Aubrey,1
190,Marc Spence,Aubrey,1
191,Chris Lorenzo,Chris Lake,1
192,Chris Lorenzo,Sam Nicolosi,1
193,Chris Lake,Sam Nicolosi,1
194,Chris Lorenzo,Sonny Fodera,1
195,Chris Lorenzo,DJ Zinc,1
196,Chris Lorenzo,Alex Mills,1
197,Chris Lorenzo,Katy B,1
198,Born in 92',Monstergetdown,17
199,"nothing,nowhere.",MISOGI,2
200,"nothing,nowhere.",KennyHoopla,2
201,"nothing,nowhere.",JUDGE,2
202,KennyHoopla,JUDGE,2
203,"nothing,nowhere.",Lil West,1
204,"nothing,nowhere.",Dashboard Confessional,1
205,"nothing,nowhere.",Mikey The Magician,1
206,"nothing,nowhere.",Olicolor,1
207,"nothing,nowhere.",mou$etrap,1
208,"nothing,nowhere.",ʎpoqou,1
209,ATTLAS,Lambert,1
210,ATTLAS,Alisa Xayalith,1
211,ATTLAS,MAYLYN,1
212,Grabbitz,LAYNE,1
213,Kaskade,Ella Vos,1
214,Kaskade,Cop Kid,1
215,Kaskade,Cayson Renshaw,1
216,Kaskade,Lipless,3
217,Kaskade,Marcus Bently,4
218,Kaskade,PYFER,2
219,Kaskade,The Moth & The Flame,1
220,Kaskade,Late Night Alumni,12
221,Kaskade,Skylar Grey,7
222,Kaskade,Finnstagram,2
223,Kaskade,Lucid Luv,1
224,Kaskade,Yuck Norris,3
225,Kaskade,Audiotreats,1
226,Kaskade,Blue Noir,2
227,Yuck Norris,Audiotreats,1
228,Yuck Norris,Blue Noir,1
229,Audiotreats,Blue Noir,1
230,Bobbi James,Kaskade,1
231,Kaskade,Donricky,2
232,Yuck Norris,Donricky,1
233,Lipless,Late Night Alumni,1
234,Kaskade,LSSA,2
235,Kaskade,Al Gore Rhythm,1
236,Kaskade,S2cool,1
237,Kaskade,Benton Cutler,1
238,S2cool,Benton Cutler,1
239,Kaskade,Classic Unknwn,2
240,Classic Unknwn,Donricky,1
241,Classic Unknwn,PYFER,1
242,Classic Unknwn,LSSA,1
243,Donricky,PYFER,1
244,Donricky,LSSA,1
245,PYFER,LSSA,1
246,Kaskade,Mr. Tape,4
247,Mr. Tape,Classic Unknwn,1
248,Kaskade,Colette Marie,1
249,Kaskade,Spooky Cowboy,1
250,Yuck Norris,Spooky Cowboy,1
251,Kaskade,Zendlo,1
252,Late Night Alumni,Spooky Cowboy,1
253,Late Night Alumni,Kaskade,3
254,Spooky Cowboy,Kaskade,1
255,Finnstagram,Yuck Norris,1
256,Lipless,Classic Unknwn,1
257,Mr. Tape,Finnstagram,1
258,Lipless,Blue Noir,1
259,Classic Unknwn,Spooky Cowboy,1
260,Blue Noir,Zip Zip,1
261,Nongo,Mechanical Ocean,1
262,Finnstagram,PYFER,1
263,Mr. Tape,Zendlo,1
264,Finnstagram,Classic Unknwn,1
265,Kaskade,BROHUG,2
266,Kaskade,TELYKast,1
267,Kaskade,Sego,2
268,Kaskade,LöKii,4
269,Sego,LöKii,1
270,Kaskade,Felix Cartal,2
271,Kaskade,Jenn Blosil,2
272,Kaskade,Diplo,1
273,Felix Cartal,Jenn Blosil,2
274,Felix Cartal,Diplo,1
275,Jenn Blosil,Diplo,1
276,Kaskade,Gorgon City,1
277,Kaskade,Romeo,1
278,Gorgon City,Romeo,1
279,Kaskade,Sara Diamond,1
280,Kaskade,Madge,2
281,Kaskade,Zip Zip Through The Night,3
282,Kaskade,Pinguin Mofex,1
283,Zip Zip Through The Night,Pinguin Mofex,1
284,Kaskade,Cecilia Gault,1
285,BROHUG,Mr. Tape,1
286,BROHUG,Madge,1
287,Mr. Tape,Madge,1
288,Kaskade,Soran,1
289,Kaskade,Alicia Moffet,1
290,Kaskade,Erika Sirola,2
291,Kaskade,Debra Fotheringham,3
292,Kaskade,Ilsey,2
293,Kaskade,Gabrielle Current,1
294,Kaskade,Kayrae,1
295,Kaskade,Jane XØ,1
296,Kaskade,Dia Frampton,1
297,LöKii,Mr. Tape,1
298,Kaskade,CID,1
299,Kaskade,Galantis,1
300,Kaskade,Tamra Keenan,3
301,Kaskade,Sasha Alex Sloan,1
302,Kaskade,Tess Comrie,1
303,Kaskade,Estelle,1
304,Kaskade,K.Flay,1
305,Kaskade,Scott Shepard,1
306,Kaskade,John Dahlbäck,1
307,Kaskade,Sansa,1
308,John Dahlbäck,Sansa,1
309,Kaskade,Two Nations,1
310,Kaskade,KOLAJ,1
311,Kaskade,Rebecca & Fiona,6
312,Kaskade,Mindy Gledhill,9
313,Kaskade,deadmau5,3
314,Kaskade,Neon Trees,5
315,Kaskade,Swanky Tunes,3
316,Kaskade,Lights,3
317,Swanky Tunes,Lights,3
318,Kaskade,Haley,17
319,Kaskade,Adam.K,2
320,Kaskade,Sunsun,2
321,Adam.K,Sunsun,2
322,Kaskade,Dragonette,4
323,Kaskade,Project 46,1
324,Kaskade,Alex Gaudino,1
325,Kaskade,MOGUAI,1
326,MOGUAI,Zip Zip Through The Night,1
327,Kaskade,Deniz Koyu,1
328,Deniz Koyu,Dragonette,1
329,Kaskade,Becky Jean Williams,7
330,Kaskade,School Of Seven Bells,1
331,Kaskade,Marques Wyatt,1
332,Kaskade,Jason Hodges,1
333,Kaskade,Skrillex,3
334,Kaskade,Quadron,3
335,Kaskade,Dada Life,9
336,Kaskade,Inpetto,7
337,Kaskade,Dan Black,4
338,Dada Life,Dan Black,4
339,Inpetto,Late Night Alumni,2
340,Kaskade,Rebecca,1
341,Kaskade,Fiona,1
342,Rebecca,Fiona,2
343,Late Night Alumni,Inpetto,1
344,Late Night Alumni,Max Vangeli,1
345,Kings Of Tomorrow,Kaskade,1
346,Sgt Slick,Digital Lab,1
347,Kaskade,Martina of Dragonette,1
348,Kaskade,Sultan,1
349,Kaskade,Sultan + Shepard,1
350,Martina of Dragonette,Sultan,1
351,Martina of Dragonette,Sultan + Shepard,1
352,Sultan,Sultan + Shepard,1
353,Haley,Dada Life,1
354,Kaskade,Finn,1
355,Kaskade,Joslyn,2
356,David Tort,Norman Doray,1
357,Kaskade,Digital Lab,1
358,Mindy Gledhill,Digital Lab,1
359,Samantha James,Kaskade,1
360,Adrian Lux,Axwell,1
361,Adrian Lux,Henrik B,1
362,Axwell,Henrik B,1
363,Kaskade,EDX,3
364,Kaskade,Justin Michael,1
365,Kaskade,Kemal,1
366,EDX,Haley,3
367,EDX,Justin Michael,1
368,EDX,Kemal,1
369,Haley,Justin Michael,1
370,Haley,Kemal,1
371,Justin Michael,Kemal,1
372,Kaskade,POLINA,4
373,Kaskade,Tiësto,2
374,Tiësto,Haley,2
375,Kaskade,Tamra,1
376,Mischa Daniels,Crown,1
377,Michael Feiner,Daniel Lindström,1
378,Sebastian Ingrosso,Laidback Luke,1
379,Steve Angello,Sebastian Ingrosso,1
380,Tommy Trash,Mr. Wilson,1
381,David Tort,Dj Ruff,1
382,David Tort,DJ Disciple,1
383,Dj Ruff,DJ Disciple,1
384,Funkerman,Fedde Le Grand,1
385,Funkerman,F To The F,1
386,Fedde Le Grand,F To The F,1
387,Dillon Francis,Bow Anderson,2
388,Dillon Francis,Aleyna Tilki,2
389,Dillon Francis,Hayley May,2
390,Dillon Francis,Liza Owen,2
391,Dillon Francis,Shift K3Y,2
392,Dillon Francis,Marc E. Bassy,2
393,Shift K3Y,Marc E. Bassy,2
394,Dillon Francis,GRACEY,2
395,Dillon Francis,Gina Kushka,2
396,Dillon Francis,220 KID,2
397,Dillon Francis,Bryn Christopher,2
398,220 KID,Bryn Christopher,2
399,Dillon Francis,Nitti Gritti,1
400,Dillon Francis,Vera Hotsauce,1
401,Dillon Francis,Bunji Garlin,1
402,Dillon Francis,TV Noise,1
403,Dillon Francis,Big Freedia,1
404,TV Noise,Big Freedia,1
405,Dillon Francis,Lao Ra,1
406,Dillon Francis,Ximena Sariñana,1
407,Dillon Francis,Yashua,1
408,Residente,Dillon Francis,2
409,Residente,iLe,2
410,Dillon Francis,iLe,2
411,Dillon Francis,De La Ghetto,2
412,Dillon Francis,Fuego,2
413,Dillon Francis,Jarina De Marco,1
414,Dillon Francis,Happy Colors,1
415,Dillon Francis,Arcangel,2
416,Dillon Francis,Quimico Ultra Mega,2
417,Arcangel,Quimico Ultra Mega,2
418,Dillon Francis,Young Ash,2
419,Bro Safari,Dillon Francis,1
420,Bro Safari,Salvatore Ganacci,1
421,Dillon Francis,Salvatore Ganacci,1
422,Dillon Francis,NGHTMRE,1
423,Dillon Francis,Good Times Ahead,1
424,Fuego,Good Times Ahead,1
425,Dillon Francis,Diplo,1
426,Dillon Francis,Maluca,1
427,Diplo,Maluca,1
428,Dillon Francis,Snappy Jit,1
429,Dillon Francis,Skrillex,2
430,Dillon Francis,Yung Pinch,1
431,Dillon Francis,Calvin Harris,1
432,Dillon Francis,Bro Safari,1
433,Dillon Francis,Kygo,1
434,Dillon Francis,James Hersey,1
435,Kygo,James Hersey,1
436,Dillon Francis,Chromeo,1
437,Dillon Francis,Twista,1
438,Dillon Francis,The Rej3ctz,1
439,Twista,The Rej3ctz,1
440,Dillon Francis,DJ Snake,3
441,Dillon Francis,Sultan + Shepard,2
442,Dillon Francis,The Chain Gang Of 1974,2
443,Sultan + Shepard,The Chain Gang Of 1974,2
444,Dillon Francis,Martin Garrix,1
445,Dillon Francis,Simon Lord,2
446,Dillon Francis,Brendon Urie,1
447,Dillon Francis,The Presets,1
448,Dillon Francis,Major Lazer,1
449,Dillon Francis,Stylo G,1
450,Major Lazer,Stylo G,1
451,Dillon Francis,TJR,1
452,Dillon Francis,Lily Elise,1
453,Dillon Francis,Rae Sremmurd,1
454,DJ Snake,Rae Sremmurd,1
455,Dillon Francis,Grandtheft,1
456,Sultan + Shepard,Grandtheft,1
457,The Chain Gang Of 1974,Grandtheft,1
458,Chuckie,Junxterjack,1
459,Franky Rizardo,Raul,1
460,Franky Rizardo,Doors,1
461,Raul,Doors,1
462,Pink Fluid,Bastian van Shield,1
463,Chuckie,Promise Land,1
464,Chuckie,Amanda Wilson,1
465,Chuckie,Bartosz Brenes,1
466,Chuckie,Tony Romera,1
467,Promise Land,Amanda Wilson,1
468,Promise Land,Bartosz Brenes,1
469,Promise Land,Tony Romera,1
470,Amanda Wilson,Bartosz Brenes,1
471,Amanda Wilson,Tony Romera,1
472,Bartosz Brenes,Tony Romera,1
473,Hardwell,Showtek,1
474,Joachim Garraud,Alesia,1
475,Joachim Garraud,Cold Blank,1
476,Alesia,Cold Blank,1
477,EC Twins,CeCe Peniston,1
478,Digitalism,Fedde Le Grand,1
479,Digitalism,Deniz Koyu,1
480,Fedde Le Grand,Deniz Koyu,1
481,Piek,Danny Serrano,1
482,Romain Curtis,Delicious,1
483,Juanmy.R,Guille Placencia,1
484,Arkay,Jaceo,1
485,Saeed Younan,Mustafa Akbor,1
486,Tomaz,Filterheadz,1
487,Tomaz,UMEK,1
488,Filterheadz,UMEK,1
489,Format:B,Sebastien Leger,1
490,Beauriche,Noah Furreal,1
491,Kevin Saunderson,Jay Lumen,1
492,Danny Serrano,Hector Couto,1
493,Chris James,Ta$ha,1
494,Chris James,Chvdow,1
495,Chris James,Soleil,1
496,Madeon,Kyan,2
497,Madeon,Dan Smith,1
498,Madeon,Passion Pit,1
499,Madeon,Mark Foster,1
500,Madeon,Aquilo,1
501,Madeon,Nicholas Petricca,1
502,Madeon,Vancouver Sleep Clinic,1
503,Madeon,Louis The Child,1
504,Kyan,Louis The Child,1
505,Pig&Dan,Gregor Tresher,10
506,Rehmark,Nukkah,1
507,Uakoz,Alex Lentini,1
508,Monoloc,Roman Lindau,1
509,Ben Long,Darko Esser,1
510,Pig&Dan,Malcolm Duncan,5
511,Pig&Dan,Joan Bibiloni,1
512,Malcolm Duncan,Joan Bibiloni,1
513,Pig&Dan,Giacomo,1
514,Pig&Dan,Aqeel,2
515,Giacomo,Aqeel,1
516,Pig&Dan,Werner Neidermeier,1
517,Pig&Dan,Paul De Swardt,1
518,Pig&Dan,Valentine de Moreda,1
519,Paul De Swardt,Valentine de Moreda,1
520,Mark Reeve,Pig&Dan,2
521,Colleen D'agostino,deadmau5,2
522,Redux,Aparillo,1
523,Redux,Edgework,1
524,Redux,Electric Violence,1
525,The Sound Diggers,Gia Mellish,1
526,The Sound Diggers,Isa Bornau,1
527,The Sound Diggers,King Dread James,1
528,The Sound Diggers,Oby,1
529,Gia Mellish,Isa Bornau,1
530,Gia Mellish,King Dread James,1
531,Gia Mellish,Oby,1
532,Isa Bornau,King Dread James,1
533,Isa Bornau,Oby,1
534,King Dread James,Oby,1
535,Michael Jackson Tribute Band,Electronica House,6
536,Michael Jackson Tribute Band,Japanese Noise Machine,6
537,Michael Jackson Tribute Band,Zarqnon the Embarrassed,6
538,Michael Jackson Tribute Band,llorT,6
539,Electronica House,Japanese Noise Machine,6
540,Electronica House,Zarqnon the Embarrassed,16
541,Electronica House,llorT,6
542,Japanese Noise Machine,Zarqnon the Embarrassed,14
543,Japanese Noise Machine,llorT,6
544,Zarqnon the Embarrassed,llorT,6
545,Japanese Noise Machine,Electronica House,8
546,Japanese Noise Machine,Journey Cover Band,3
547,Japanese Noise Machine,Llort Jr,8
548,Electronica House,Journey Cover Band,3
549,Electronica House,Llort Jr,10
550,Journey Cover Band,Zarqnon the Embarrassed,3
551,Journey Cover Band,Llort Jr,3
552,Zarqnon the Embarrassed,Llort Jr,11
553,Hans Valen,Japanese Noise Machine,5
554,Hans Valen,Electronica House,5
555,Hans Valen,Zarqnon the Embarrassed,5
556,Hans Valen,Llort Jr,5
557,Electronica House,Xaos,2
558,Electronica House,Electronicat,2
559,Xaos,Electronicat,2
560,Xaos,Zarqnon the Embarrassed,2
561,Xaos,Llort Jr,2
562,Electronicat,Zarqnon the Embarrassed,2
563,Electronicat,Llort Jr,2
564,Voltaire,Zarqnon the Embarrassed,1
565,Voltaire,Llort Jr,1
566,Voltaire,Electronic,1
567,Voltaire,Electronica,1
568,Zarqnon the Embarrassed,Electronic,1
569,Zarqnon the Embarrassed,Electronica,1
570,Llort Jr,Electronic,1
571,Llort Jr,Electronica,1
572,Electronic,Electronica,1
573,DJ Dragon Boss,Clubbit,1
574,Alex & Chris,Noelle,1
575,Cofano,Shatti,1
576,Electro,retro zone,39
577,Electro,The Crazy People,14
578,retro zone,The Crazy People,14
579,Electro,Mike L.G.,12
580,retro zone,Mike L.G.,12
581,Electro,Nico,13
582,Electro,asia dance attack,13
583,Nico,asia dance attack,13
584,Nico,retro zone,13
585,asia dance attack,retro zone,13
586,Imogen Heap,Linda Neil,1
587,Imogen Heap,Arve Henriksen,1
588,Linda Neil,Arve Henriksen,1
589,Imogen Heap,Love the Earth,6
590,Imogen Heap,Martin Lowe,1
591,Imogen Heap,"Bobby Ray Simmons, Jr.",3
592,Imogen Heap,"Clarence Montgomery, III",3
593,"Bobby Ray Simmons, Jr.","Clarence Montgomery, III",3
594,"Bobby Ray Simmons, Jr.",Love the Earth,1
595,"Clarence Montgomery, III",Love the Earth,1
596,Imogen Heap,Shekhar Ravjiani,1
597,Imogen Heap,Vishal Dadlani,1
598,Shekhar Ravjiani,Vishal Dadlani,1
599,Imogen Heap,Vishal-Shekhar,1
600,Imogen Heap,deadmau5,1
601,Cypress Hill,Young DA,2
602,Cypress Hill,Tom Morello,2
603,Cypress Hill,The Alchemist,1
604,Cypress Hill,Evidence,1
605,The Alchemist,Evidence,1
606,Cypress Hill,Mike Shinoda,1
607,Cypress Hill,Daron Malakian,1
608,Cypress Hill,Everlast,2
609,Cypress Hill,Marc Anthony,1
610,Cypress Hill,Pitbull,1
611,Marc Anthony,Pitbull,1
612,Cypress Hill,Tego Calderon,1
613,Cypress Hill,Damian Marley,2
614,Cypress Hill,Prodigy,2
615,Cypress Hill,Twin,2
616,Prodigy,Twin,2
617,Cypress Hill,Tim Armstrong,1
618,Cypress Hill,Kurupt,2
619,Cypress Hill,MC Ren,1
620,Cypress Hill,King Tee,1
621,MC Ren,King Tee,1
622,Cypress Hill,Redman,1
623,Cypress Hill,Method Man,1
624,Redman,Method Man,1
625,Cypress Hill,Kokane,1
626,Cypress Hill,Eminem,1
627,Cypress Hill,N.O.R.E.,1
628,Eminem,N.O.R.E.,1
629,Cypress Hill,Chino Moreno,1
630,Chino Moreno,Everlast,1
631,Cypress Hill,MC Eiht,2
632,Cypress Hill,Barron Ricks,8
633,Cypress Hill,Chace Infinite,2
634,Barron Ricks,Chace Infinite,2
635,Cypress Hill,Buddah Monks,15
636,Cypress Hill,RZA,1
637,Cypress Hill,U-God,1
638,RZA,U-God,1
639,Melleefresh,Boy Pussy,11
640,Melleefresh,Dirty 30,16
641,Melleefresh,Hoxton Whores,1
642,Melleefresh,Hotknife,1
643,Melleefresh,Alex G,1
644,Melleefresh,MC Flipside,1
645,Melleefresh,Chris Vench,1
646,Melleefresh,Jerome Robins,1
647,MC Flipside,Chris Vench,1
648,MC Flipside,Jerome Robins,1
649,Chris Vench,Jerome Robins,1
650,Melleefresh,Peter Brown,1
651,Melleefresh,Spekrfreks,13
652,Melleefresh,Calvertron,1
653,Spekrfreks,Melleefresh,8
654,Spekrfreks,John Henry Nyenhuis,3
655,Melleefresh,John Henry Nyenhuis,6
656,Melleefresh,Scandalis,1
657,Dirty 30,Scandalis,1
658,Spekrfreks,Billy Newton-Davis,1
659,Melleefresh,Billy Newton-Davis,1
660,Wolfgang Gartner,Wiley,1
661,Wolfgang Gartner,Trina,1
662,Wiley,Trina,1
663,Wolfgang Gartner,Negin Djafari,2
664,Wolfgang Gartner,DāM-FunK,1
665,Wolfgang Gartner,E-40,1
666,DāM-FunK,E-40,1
667,Wolfgang Gartner,D.A. Wallach,1
668,Wolfgang Gartner,Bobby Saint,1
669,Wolfgang Gartner,Gene Noble,1
670,Wolfgang Gartner,Marc Griffin,2
671,Wolfgang Gartner,J Hart,3
672,Wolfgang Gartner,A-Trak,2
673,Wolfgang Gartner,Sirah,3
674,A-Trak,Sirah,2
675,Wolfgang Gartner,atrak,1
676,atrak,Sirah,1
677,Wolfgang Gartner,Eve,3
678,Wolfgang Gartner,Jim Jones,3
679,Wolfgang Gartner,Cam’ron,3
680,Jim Jones,Cam’ron,3
681,Wolfgang Gartner,will.i.am,3
682,Wolfgang Gartner,Omarion,3
683,Dosem,Jeremy Olander,1
684,Dosem,Henry Saiz,1
685,Dosem,Marc Marzenit,1
686,Henry Saiz,Marc Marzenit,1
687,Dosem,Mathias Kaden,1
688,Dosem,Daniel Stefanik,1
689,Mathias Kaden,Daniel Stefanik,1
690,Dosem,Louder Bays,2
691,Dosem,AFFKT,1
692,Louder Bays,AFFKT,1
693,Joris Delacroix,Ornette,1
694,Joris Delacroix,Montmartre,1
695,Joris Delacroix,Findlay,1
696,Montmartre,Findlay,1
697,Joris Delacroix,Synapson,1
698,Joris Delacroix,Schérazade,1
699,Synapson,Schérazade,1
700,Joris Delacroix,Sirius Trema,1
701,Joris Delacroix,Nancy,3
702,Joris Delacroix,Calendar Songs,1
703,Joris Delacroix,Fabien Dalzin,1
704,Joris Delacroix,Caitlin,1
705,Fabien Dalzin,Caitlin,1
706,Joris Delacroix,Kevin Tisserand,1
707,nogfgoodnight,Rylan Taggart,2
708,space between me & you,Paul Angelo,2
709,space between me & you,Don Argento,2
710,Paul Angelo,Don Argento,2
711,Tydrous,Deeparture,2
712,Juan Sapia,Paul Thomas,1
713,Estiva,Grum,1
714,Grum,Solaris Heights,1
715,Grum,Sébastien Léger,1
716,Grum,Andre Sobota,1
717,Grum,Daniel Trim,1
718,Grum,Those Beats,1
719,Grum,Russ Chimes,1
720,Grum,Dmitry Molosh,1
721,Grum,Kassey Voorn,1
722,Grum,Origin Sound,1
723,Grum,Ejeca,1
724,Grum,Mia Dora Remix,1
725,Grum,Andre Crom,1
726,Paul Keeley,Michael Cassette,2
727,Grum,Genix,4
728,Grum,Tinlicker,1
729,Grum,Paul Thomas,1
730,Grum,Natalie Shay,7
731,Grum,Dom Youdan,4
732,Grum,Nicole Dash Jones,1
733,Grum,Jinadu,2
734,Grum,Kryder,1
735,Natalie Shay,Kryder,1
736,Grum,CYA,1
737,Natalie Shay,CYA,1
738,Lane 8,Kidnap,1
739,Lane 8,Yotto,1
740,Kidnap,Yotto,1
741,Dirty South,Rudy,1
742,Seven Lions,Jason Ross,1
743,Seven Lions,Paul Meany,1
744,Seven Lions,Grum,1
745,Jason Ross,Paul Meany,1
746,Jason Ross,Grum,1
747,Paul Meany,Grum,1
748,FM-84,Ollie Wride,1
749,FM-84,Josep,1
750,FM-84,Kane,1
751,Ollie Wride,Josep,1
752,Ollie Wride,Kane,1
753,Josep,Kane,1
754,Grum,Josep,1
755,Grum,Mark Summers,1
756,Grum,Federico Conti,1
757,Mark Summers,Federico Conti,1
758,Grum,Pablo Decoder,1
759,Grum,Tim Healey,1
760,Pablo Decoder,Tim Healey,1
761,Grum,Electric Youth,1
762,Grum,Shanice Steele,1
763,Grum,Sara Grimaldi,1
764,Grum,The Feathers,1
765,Grum,SB,1
766,alt-J,Little Simz,1
767,alt-J,OTG,1
768,Little Simz,OTG,1
769,alt-J,Pusha T,2
770,alt-J,Twin Shadow,1
771,Pusha T,Twin Shadow,1
772,alt-J,Tuka,2
773,alt-J,Jimi Charles Moody,1
774,alt-J,Danny Brown,2
775,alt-J,The Alchemist,2
776,alt-J,Trooko,3
777,Danny Brown,The Alchemist,2
778,Danny Brown,Trooko,2
779,The Alchemist,Trooko,2
780,alt-J,Hex,1
781,alt-J,Paigey Cakey,1
782,alt-J,ADP,1
783,Hex,Paigey Cakey,1
784,Hex,ADP,1
785,Paigey Cakey,ADP,1
786,alt-J,GoldLink,2
787,alt-J,Terrace Martin,2
788,GoldLink,Terrace Martin,2
789,alt-J,Pj Sin Suela,1
790,Pj Sin Suela,Trooko,1
791,alt-J,Lomepal,1
792,alt-J,Kontra K,2
793,alt-J,Rejjie Snow,2
794,alt-J,NOC,1
795,alt-J,Submerse,1
796,alt-J,brentonLABS,1
797,alt-J,David Sitek,1
798,alt-J,Jim James,1
799,alt-J,The Internet,1
800,alt-J,Ghostpoet,1
801,alt-J,Ben de Vries,1
802,alt-J,BlackBox,1
803,alt-J,Broadbandits,1
804,Thomas Oliver,Ashton Sellars,2
805,Thomas Oliver,Rhian Sheehan,1
806,Chipzel,Adriana Figueroa,1
807,Voicians,The Magic Puppet,2
808,Electrocado,Phria,1
809,Electrocado,Hypnagog,1
810,Electrocado,Slynk,1
811,Electrocado,CloZee,1
812,Electrocado,Bloom,1
813,Electrocado,Zebbler Encanti Experience,1
814,Electrocado,Amb,1
815,Electrocado,Shamango,1
816,Electrocado,Freddy Todd,1
817,Electrocado,Drumcorps,1
818,Electrocado,FM Radio Gods,1
819,Electrocado,Circuit Bent,1
820,Electrocado,Morgan Ågren,2
821,Sorrow,Galimatias,1
822,Sorrow,Shura,2
823,Sorrow,Rooflight,1
824,Sorrow,El Coma,1
825,El Coma,Shura,1
826,Sorrow,COMA,2
827,kLL sMTH,Tony Arroyo,1
828,kLL sMTH,iONik,1
829,Au5,Tasha Baxter,1
830,Au5,Nori,1
831,Au5,Ashley Apollodor,1
832,Au5,Evoke,1
833,Au5,Nasty Purple,1
834,Au5,Jess,1
835,Au5,Daniel Hanson,1
836,Au5,Bella Musser,1
837,COPYCATT,Zathlute,2
838,Slynk,Afro Q Ben,1
839,Slynk,Max Ribner,1
840,Afro Q Ben,Max Ribner,1
841,Slynk,Mr. Bill,2
842,Slynk,JPOD The Beat Chef,1
843,Slynk,Beat Fatigue,1
844,Slynk,Dunks,1
845,Slynk,Timothy Wisdom,1
846,Mr. Bill,Timothy Wisdom,1
847,Slynk,StereoCool,1
848,None Like Joshua,Whiteenglishgirl,1
849,None Like Joshua,Gunnarolla,1
850,None Like Joshua,Andrew Huang,1
851,Gunnarolla,Andrew Huang,1
852,Love,MO,1
853,ill-esha,Laura Roa Gomez,1
854,ill-esha,Gramski,1
855,ill-esha,Skinny Galizian,1
856,ill-esha,Reymir,1
857,Skinny Galizian,Reymir,1
858,ill-esha,Fabian Arias,1
859,ill-esha,Dakota Camacho,1
860,Fabian Arias,Dakota Camacho,1
861,ill-esha,Snowdenne,3
862,Buku,ill-esha,1
863,Amp Live,ill-esha,1
864,Amp Live,SAUCEmonster,1
865,ill-esha,SAUCEmonster,3
866,ChrisB.,ill-esha,1
867,ill-esha,The Digital Connection,1
868,ill-esha,BREDE,1
869,The Digital Connection,BREDE,1
870,Psymbionic,D.V.S*,1
871,Psymbionic,ill-esha,1
872,D.V.S*,ill-esha,1
873,ill-esha,Perkulat0r,1
874,ill-esha,kLL sMTH,1
875,ill-esha,The Originalz,1
876,ONE4ALL,ill-esha,1
877,ill-esha,Sauce,1
878,ill-esha,CloZee,1
879,Russ Liquid,ill-esha,1
880,Russ Liquid,SAUCEmonster,1
881,ill-esha,Zipporah,1
882,ill-esha,Joe Mousepad,1
883,Boilermakers,Goosebumpz,1
884,Goosebumpz,Shelley Davies,1
885,Crazy Daylight,Fretless Monk,1
886,Bison Briggz,Sam Anderson,1
887,Bison Briggz,Kris Evans,1
888,Bison Briggz,K-Loose,1
889,Bluey Robinson,Stefflon Don,1
890,Bluey Robinson,Bento.BDA,5
891,Bluey Robinson,WSTRN,1
892,Bluey Robinson,Louis Rei,1
893,Owl City,Adam Young,1
894,Owl City,Aloe Blacc,2
895,Owl City,SEKAI NO OWARI,1
896,Owl City,Hanson,2
897,Owl City,Jake Owen,2
898,Owl City,Sarah Russell,2
899,Owl City,Britt Nicole,2
900,Owl City,Mark Hoppus,1
901,Owl City,Carly Rae Jepsen,1
902,Owl City,Shawn Chrystopher,1
903,Cœur De Pirate,Alexandra Streliski,1
904,Cœur De Pirate,Loud,1
905,Cœur De Pirate,Arthur H,4
906,Cœur De Pirate,Marc Lavoine,5
907,Marc Lavoine,Arthur H,2
908,Arthur H,Marc Lavoine,2
909,Cœur De Pirate,Allan Kingdom,2
910,Cœur De Pirate,Felix Cartal,1
911,Cœur De Pirate,Julien Doré,1
912,Chynna,Junglepussy,1
913,Chynna,A$AP ANT,1
914,Chynna,KUR,1
915,Denise,Tony Colombo,1
916,Denise,Corrado,1
917,The Streets,Tame Impala,1
918,The Streets,IDLES,1
919,The Streets,Donae'o,2
920,The Streets,Greentea Peng,1
921,Donae'o,Greentea Peng,1
922,The Streets,Ms Banks,1
923,The Streets,Jesse James Solomon,1
924,The Streets,ELIZA,1
925,Jesse James Solomon,ELIZA,1
926,The Streets,Kasien,1
927,The Streets,Dapz on the Map,1
928,The Streets,Oscar #Worldpeace,1
929,The Streets,Jimothy Lacoste,1
930,The Streets,Hak Baker,1
931,The Streets,Rob Harvey,1
932,The Streets,Chris Lorenzo,1
933,The Streets,Professor Green,1
934,The Streets,High Contrast,1
935,The Streets,Outlaw Breaks,1
936,The Streets,Morph Resurrection,1
937,The Streets,Kano,2
938,The Streets,Lady Sovereign,1
939,The Streets,Tinchy Stryder,1
940,Kano,Donae'o,1
941,Kano,Lady Sovereign,1
942,Kano,Tinchy Stryder,1
943,Donae'o,Lady Sovereign,1
944,Donae'o,Tinchy Stryder,1
945,Lady Sovereign,Tinchy Stryder,1
946,The Streets,The Futureheads,1
947,The Streets,The Mitchell Brothers,1
948,The Streets,NERO,1
949,The Streets,Bruza,2
950,The Streets,Demon,1
951,The Streets,D Double E,2
952,Bruza,Demon,1
953,Bruza,Kano,1
954,Bruza,D Double E,2
955,Demon,Kano,1
956,Demon,D Double E,1
957,Kano,D Double E,1
958,The Streets,Ghetto,1
959,The Streets,Scratchy,1
960,Bruza,Ghetto,1
961,Bruza,Scratchy,1
962,D Double E,Ghetto,1
963,D Double E,Scratchy,1
964,Ghetto,Scratchy,1
965,The Streets,Roll Deep,1
966,The Streets,Mr Figit for Social Circles,1
967,The Streets,Ashley Beedle,1
968,Chris Lake,Marco Lys,6
969,RedRoche,Chris Lake,1
970,RedRoche,Marco Lys,1
971,Mind Electric,Chris Lake,1
972,Mind Electric,Marco Lys,1
973,Chris Lake,LA Riots,1
974,Marco Lys,LA Riots,1
975,Jordy Lishious,Chris Lake,1
976,Jordy Lishious,Marco Lys,1
977,PRC Freaks,Chris Lake,1
978,PRC Freaks,Sabb,1
979,PRC Freaks,Marco Lys,1
980,Chris Lake,Sabb,1
981,Sabb,Marco Lys,1
982,Sonny Fodera,Sam Tompkins,1
983,Sonny Fodera,Clementine Douglas,1
984,Sonny Fodera,KOLIDESCOPES,1
985,Sonny Fodera,Sinéad Harnett,2
986,KOLIDESCOPES,Sinéad Harnett,1
987,Sonny Fodera,Dan Caplen,1
988,Diplo,Sonny Fodera,1
989,Sonny Fodera,Laura Welsh,1
990,MK,Sonny Fodera,1
991,MK,Raphaella,1
992,Sonny Fodera,Raphaella,1
993,Sonny Fodera,Poppy Baskcomb,1
994,Sonny Fodera,Punctual,1
995,Sonny Fodera,Rug Wilson,1
996,Sonny Fodera,Matt Wilson,1
997,Punctual,Rug Wilson,1
998,Punctual,Matt Wilson,1
999,Rug Wilson,Matt Wilson,1
1000,Sonny Fodera,Vintage Culture,1
1001,Sonny Fodera,MKLA,1
1002,Vintage Culture,MKLA,1
1003,Sonny Fodera,Bru-C,1
1004,Sinéad Harnett,Bru-C,1
1005,Sonny Fodera,Kelli-Leigh,1
1006,Sonny Fodera,YOU,1
1007,Kelli-Leigh,YOU,1
1008,Sonny Fodera,Ella Eyre,1
1009,Biscits,Sonny Fodera,1
1010,Janai,Sonny Fodera,2
1011,Alex Mills,Kideko,1
1012,Alex Mills,Sonny Fodera,1
1013,Kideko,Sonny Fodera,1
1014,Shannon Saunders,Sonny Fodera,1
1015,Sinéad Harnett,Sonny Fodera,1
1016,Sonny Fodera,Josh Barry,1
1017,Sonny Fodera,Scrufizzer,1
1018,Sonny Fodera,ShezAr,2
1019,Sonny Fodera,Janai,5
1020,Sonny Fodera,Kideko,1
1021,Sonny Fodera,Alex Mills,5
1022,Kideko,Alex Mills,1
1023,Sonny Fodera,Yasmeen,5
1024,Sonny Fodera,Shannon Saunders,4
1025,Sonny Fodera,Kate Elsworth,4
1026,Sonny Fodera,Kwame,2
1027,Sonny Fodera,James Shoji,2
1028,James Shoji,Janai,2
1029,Sonny Fodera,Yasmin,4
1030,Sonny Fodera,Richard Walters,2
1031,Sonny Fodera,David Morales,1
1032,Yasmin,David Morales,1
1033,Sonny Fodera,Low Steppa,2
1034,Alex Mills,Low Steppa,1
1035,Sonny Fodera,Doorly,1
1036,Sonny Fodera,Justin Chalice,2
1037,Sonny Fodera,Natalie Conway,1
1038,Sonny Fodera,Wally Callerio,1
1039,Sonny Fodera,Mikey V.,1
1040,Wally Callerio,Mikey V.,1
1041,Sonny Fodera,Cajmere,3
1042,Sonny Fodera,Dajae,2
1043,Cajmere,Dajae,1
1044,Sonny Fodera,Da Sunlounge,1
1045,Sonny Fodera,Juliet Fox,1
1046,Sonny Fodera,Harvard Bass,1
1047,Sonny Fodera,Ari Lourdes,3
1048,Sonny Fodera,Amber Jolene,5
1049,Sonny Fodera,Gene Farris,1
1050,Sonny Fodera,Deep City Soul,1
1051,Sonny Fodera,Kim Swift,1
1052,Sonny Fodera,Walter Phillips,1
1053,Sonny Fodera,Russoul,1
1054,MISOGI,"nothing,nowhere.",1
1055,MISOGI,badXchannels,1
1056,MISOGI,Fifty Grand,2
1057,MISOGI,lil aaron,1
1058,MISOGI,Night Lovell,2
1059,MISOGI,Madeaux,1
1060,MISOGI,ManMan Savage,1
1061,Madeaux,ManMan Savage,1
1062,MISOGI,Apex Martin,1
1063,MISOGI,Lil West,1
1064,MISOGI,Pollari,2
1065,Apex Martin,Lil West,1
1066,Apex Martin,Pollari,1
1067,Lil West,Pollari,1
1068,MISOGI,Jimmy V,1
1069,MISOGI,Eric North,1
1070,MISOGI,Smitty the BG,1
1071,MISOGI,drip-133,1
1072,Jimmy V,Eric North,1
1073,Jimmy V,Pollari,1
1074,Jimmy V,Smitty the BG,1
1075,Jimmy V,drip-133,1
1076,Eric North,Pollari,1
1077,Eric North,Smitty the BG,1
1078,Eric North,drip-133,1
1079,Pollari,Smitty the BG,1
1080,Pollari,drip-133,1
1081,Smitty the BG,drip-133,1
1082,MISOGI,Curtis Heron,1
1083,MISOGI,Dylan Brady,1
1084,Curtis Heron,Night Lovell,1
1085,Curtis Heron,Fifty Grand,1
1086,Curtis Heron,Dylan Brady,1
1087,Night Lovell,Fifty Grand,1
1088,Night Lovell,Dylan Brady,1
1089,Fifty Grand,Dylan Brady,1
1090,MISOGI,Danny Seth,1
1091,MISOGI,MD$,1
1092,MISOGI,Aleksi Asiala,1
1093,Danny Seth,MD$,1
1094,Danny Seth,Aleksi Asiala,1
1095,MD$,Aleksi Asiala,1
1096,JUDGE,Biber,11
1097,JUDGE,Andi B.,1
1098,Biber,Andi B.,1
1099,JUDGE,FLOW,2
1100,Biber,FLOW,2
1101,JUDGE,MoskitozZ,1
1102,JUDGE,Onkel Noie,1
1103,Biber,MoskitozZ,1
1104,Biber,Onkel Noie,1
1105,MoskitozZ,Onkel Noie,1
1106,KennyHoopla,Travis Barker,8
1107,Lil West,Calboy,1
1108,Lil West,Baby Goth,1
1109,Lil West,Tommy Genesis,1
1110,Mikey The Magician,Fat Nick,1
1111,Mikey The Magician,Lil Peep,1
1112,Lambert,Martin Stollmayr,2
1113,Lambert,Room Trail,2
1114,Lambert,Tre B. Mal,1
1115,Lambert,Hexia,1
1116,Lambert,Cole Collective,1
1117,Lambert,Bob Drew,1
1118,Lambert,Hrafnhildur Melsteð,1
1119,Lambert,Jean Daeriou,1
1120,Lambert,Grand Ox,1
1121,Lambert,Giovanni DiMachelli,1
1122,Lambert,Pernille Solberg,1
1123,Lambert,Maral Moradi,1
1124,Lambert,Las Abuelas,1
1125,Lambert,Ging Gang Gong,1
1126,Lambert,Dekker,36
1127,Ella Vos,Baaku,1
1128,Ella Vos,Ghost Loft,1
1129,Ella Vos,Crystal Skies,1
1130,Ella Vos,Ruhde,1
1131,Ella Vos,Feki,1
1132,Ella Vos,Tschax,1
1133,Ella Vos,NATIIVE,1
1134,Ella Vos,Manu Dia,1
1135,Skylar Grey,Eminem,2
1136,Skylar Grey,Big Sean,1
1137,Skylar Grey,Travis Barker,2
1138,Big Sean,Travis Barker,1
1139,Skylar Grey,Angel Haze,1
1140,Michael Badal,Tiff Lacey,2
1141,Michael Badal,Sue McLaren,1
1142,Michael Badal,Lotte Kestner,1
1143,Michael Badal,Jan Johnston,1
1144,Michael Badal,HALIENE,1
1145,Michael Badal,Shanokee,1
1146,Michael Badal,Shift Four,1
1147,Michael Badal,Zoe Sky Jordan,1
1148,Shift Four,Zoe Sky Jordan,1
1149,Michael Badal,Zya,15
1150,Michael Badal,Synesthetic,1
1151,Zya,Synesthetic,1
1152,Michael Badal,Torin,1
1153,Zya,Torin,1
1154,Michael Badal,Midknights,1
1155,Zya,Midknights,1
1156,Michael Badal,Mike Mikhjian,1
1157,Zya,Mike Mikhjian,1
1158,Michael Badal,Maarten Hercules,1
1159,Zya,Maarten Hercules,1
1160,Michael Badal,deadmau5,1
1161,Zya,deadmau5,1
1162,Michael Badal,Apr0nz,1
1163,Zya,Apr0nz,1
1164,Michael Badal,Myon,1
1165,Michael Badal,Shane 54,1
1166,Zya,Myon,1
1167,Zya,Shane 54,1
1168,Myon,Shane 54,1
1169,Michael Badal,Noosh,1
1170,Zya,Noosh,1
1171,Zya,Tiff Lacey,1
1172,Michael Badal,Boogiebots,1
1173,Zya,Boogiebots,1
1174,Michael Badal,Lukosz,1
1175,Michael Badal,Zamarripa,1
1176,Zya,Lukosz,1
1177,Zya,Zamarripa,1
1178,Lukosz,Zamarripa,1
1179,Michael Badal,Matt David,1
1180,Michael Badal,Mike Hovsepian,1
1181,Zya,Matt David,1
1182,Zya,Mike Hovsepian,1
1183,Matt David,Mike Hovsepian,1
1184,BROHUG,Ibranovski,1
1185,Felix Cartal,Fjord,1
1186,Felix Cartal,Veronica,3
1187,Felix Cartal,Matilda,1
1188,Felix Cartal,Ofelia K,2
1189,Felix Cartal,Karen Harding,1
1190,Felix Cartal,Hanne Mjøen,1
1191,Felix Cartal,Lights,1
1192,Felix Cartal,Kiiara,1
1193,Felix Cartal,KROY,1
1194,Felix Cartal,Gabrielle Current,1
1195,Felix Cartal,Iselin,1
1196,Felix Cartal,Moon Bounce,1
1197,Felix Cartal,REGN,1
1198,Felix Cartal,Cœur De Pirate,1
1199,Felix Cartal,Daniela Andrade,1
1200,Felix Cartal,Victoria Zaro,1
1201,Felix Cartal,Miss Palmer,1
1202,Felix Cartal,Maja Ivarsson,1
1203,Felix Cartal,Beta Bow,1
1204,Felix Cartal,Johnny Whitney,1
1205,Felix Cartal,Todd Fink,1
1206,Major Lazer,Sia,1
1207,Major Lazer,Labrinth,1
1208,Major Lazer,Diplo,27
1209,Sia,Labrinth,11
1210,Sia,Diplo,11
1211,Labrinth,Diplo,1
1212,Major Lazer,Guaynaa,1
1213,Diplo,Guaynaa,1
1214,Major Lazer,J Balvin,2
1215,Major Lazer,El Alfa,2
1216,J Balvin,El Alfa,2
1217,J Balvin,Diplo,2
1218,El Alfa,Diplo,2
1219,Major Lazer,Aya Nakamura,1
1220,Major Lazer,Swae Lee,1
1221,Aya Nakamura,Swae Lee,1
1222,Aya Nakamura,Diplo,1
1223,Swae Lee,Diplo,1
1224,Major Lazer,Alessia Cara,2
1225,Alessia Cara,Diplo,2
1226,Major Lazer,LUDMILLA,1
1227,Major Lazer,ÀTTØØXXÁ,1
1228,Major Lazer,Suku Ward,1
1229,LUDMILLA,Diplo,1
1230,LUDMILLA,ÀTTØØXXÁ,1
1231,LUDMILLA,Suku Ward,1
1232,Diplo,ÀTTØØXXÁ,1
1233,Diplo,Suku Ward,1
1234,ÀTTØØXXÁ,Suku Ward,1
1235,Major Lazer,Paloma Mami,2
1236,Paloma Mami,Diplo,2
1237,Major Lazer,Busy Signal,2
1238,Major Lazer,Joeboy,2
1239,Busy Signal,Joeboy,2
1240,Busy Signal,Diplo,2
1241,Joeboy,Diplo,2
1242,Major Lazer,French Montana,2
1243,Major Lazer,BEAM,6
1244,French Montana,BEAM,2
1245,French Montana,Diplo,2
1246,BEAM,Diplo,6
1247,Major Lazer,Shenseea,2
1248,Shenseea,BEAM,2
1249,Shenseea,Diplo,2
1250,Mr Eazi,Major Lazer,1
1251,Mr Eazi,Nicki Minaj,2
1252,Mr Eazi,K4mo,2
1253,Mr Eazi,Diplo,2
1254,Major Lazer,Nicki Minaj,2
1255,Major Lazer,K4mo,2
1256,Nicki Minaj,K4mo,2
1257,Nicki Minaj,Diplo,2
1258,K4mo,Diplo,2
1259,Major Lazer,Moonchild Sanelly,1
1260,Major Lazer,Morena Leraba,1
1261,Diplo,Moonchild Sanelly,1
1262,Diplo,Morena Leraba,1
1263,Moonchild Sanelly,Morena Leraba,1
1264,Major Lazer,Marcus Mumford,2
1265,Marcus Mumford,Diplo,2
1266,Major Lazer,Skip Marley,2
1267,Skip Marley,Diplo,2
1268,Major Lazer,MC Lan,2
1269,Major Lazer,Anitta,2
1270,MC Lan,Anitta,2
1271,MC Lan,BEAM,2
1272,MC Lan,Diplo,2
1273,Anitta,BEAM,2
1274,Anitta,Diplo,2
1275,Major Lazer,Nucleya,2
1276,Major Lazer,Rashmeet Kaur,2
1277,Nucleya,Rashmeet Kaur,2
1278,Nucleya,Diplo,2
1279,Rashmeet Kaur,Diplo,2
1280,Diplo,Orville Peck,1
1281,Diplo,ERNEST,1
1282,Diplo,Leon Bridges,1
1283,Diplo,Thomas Rhett,1
1284,Diplo,Young Thug,1
1285,Thomas Rhett,Young Thug,1
1286,Diplo,Morgan Wallen,3
1287,Diplo,Jonas Brothers,1
1288,Diplo,Cam,1
1289,Diplo,Blanco Brown,1
1290,Diplo,Noah Cyrus,1
1291,Diplo,Julia Michaels,3
1292,Diplo,Clever,2
1293,Julia Michaels,Clever,2
1294,Diplo,Zac Brown,2
1295,Diplo,Danielle Bradbery,2
1296,Zac Brown,Danielle Bradbery,2
1297,Diplo,Ben Burgess,1
1298,Julia Michaels,Morgan Wallen,1
1299,Lil Nas X,Billy Ray Cyrus,2
1300,Lil Nas X,Diplo,2
1301,Billy Ray Cyrus,Diplo,2
1302,Major Lazer,Mr Eazi,1
1303,Diplo,Mikky Ekko,2
1304,Diplo,Lunice,1
1305,Diplo,Good Times Ahead,3
1306,Diplo,Rhye,1
1307,Sia,LSD,10
1308,Diplo,Labrinth,10
1309,Diplo,LSD,10
1310,Labrinth,LSD,10
1311,Sia,Lil Wayne,1
1312,Diplo,Lil Wayne,1
1313,Labrinth,Lil Wayne,1
1314,LSD,Lil Wayne,1
1315,Major Lazer,Wild Belle,2
1316,Major Lazer,Elliphant,2
1317,Major Lazer,Jovi Rockwell,2
1318,Elliphant,Jovi Rockwell,2
1319,Major Lazer,Chronixx,1
1320,Major Lazer,MØ,1
1321,Major Lazer,DJ Snake,1
1322,MØ,DJ Snake,1
1323,Major Lazer,Ellie Goulding,1
1324,Major Lazer,Tarrus Riley,1
1325,Ellie Goulding,Tarrus Riley,1
1326,Major Lazer,Travis Scott,1
1327,Major Lazer,2 Chainz,1
1328,Major Lazer,Pusha T,1
1329,Major Lazer,Mad Cobra,1
1330,Travis Scott,2 Chainz,1
1331,Travis Scott,Pusha T,1
1332,Travis Scott,Mad Cobra,1
1333,2 Chainz,Pusha T,1
1334,2 Chainz,Mad Cobra,1
1335,Pusha T,Mad Cobra,1
1336,Major Lazer,Ariana Grande,1
1337,Major Lazer,Machel Montano,1
1338,Ariana Grande,Machel Montano,1
1339,Major Lazer,Nyla,2
1340,Major Lazer,Fuse ODG,2
1341,Nyla,Fuse ODG,2
1342,Major Lazer,MOTi,1
1343,Major Lazer,Ty Dolla $ign,1
1344,Major Lazer,WizKid,1
1345,Major Lazer,Kranium,1
1346,MOTi,Ty Dolla $ign,1
1347,MOTi,WizKid,1
1348,MOTi,Kranium,1
1349,Ty Dolla $ign,WizKid,1
1350,Ty Dolla $ign,Kranium,1
1351,WizKid,Kranium,1
1352,Major Lazer,Kali Uchis,1
1353,Major Lazer,Gent & Jawns,1
1354,Major Lazer,Vanic,1
1355,Wild Belle,Vanic,1
1356,Major Lazer,TJR,1
1357,Elliphant,TJR,1
1358,Jovi Rockwell,TJR,1
1359,Major Lazer,4B,1
1360,Nyla,4B,1
1361,Fuse ODG,4B,1
1362,Jack Ü,Skrillex,10
1363,Jack Ü,Diplo,10
1364,Skrillex,Diplo,10
1365,Jack Ü,Fly Boi Keno,1
1366,Skrillex,Fly Boi Keno,1
1367,Diplo,Fly Boi Keno,1
1368,Jack Ü,Kiesza,2
1369,Skrillex,Kiesza,2
1370,Diplo,Kiesza,2
1371,Jack Ü,2 Chainz,1
1372,Skrillex,2 Chainz,1
1373,Diplo,2 Chainz,1
1374,Jack Ü,Aluna,1
1375,Jack Ü,AlunaGeorge,1
1376,Skrillex,Aluna,1
1377,Skrillex,AlunaGeorge,1
1378,Diplo,Aluna,1
1379,Diplo,AlunaGeorge,1
1380,Aluna,AlunaGeorge,1
1381,Jack Ü,Bunji Garlin,1
1382,Jack Ü,Mx Prime,1
1383,Skrillex,Bunji Garlin,1
1384,Skrillex,Mx Prime,1
1385,Diplo,Bunji Garlin,1
1386,Diplo,Mx Prime,1
1387,Bunji Garlin,Mx Prime,1
1388,Jack Ü,kai,1
1389,Skrillex,kai,1
1390,Diplo,kai,1
1391,Jack Ü,SNAILS,1
1392,Jack Ü,Taranchyla,1
1393,Skrillex,SNAILS,1
1394,Skrillex,Taranchyla,1
1395,Diplo,SNAILS,1
1396,Diplo,Taranchyla,1
1397,SNAILS,Taranchyla,1
1398,Jack Ü,Justin Bieber,1
1399,Skrillex,Justin Bieber,1
1400,Diplo,Justin Bieber,1
1401,Jack Ü,Missy Elliott,1
1402,Skrillex,Missy Elliott,1
1403,Diplo,Missy Elliott,1
1404,Kiesza,Missy Elliott,1
1405,Diplo,Martina Topley-Bird,1
1406,Diplo,P.E.A.C.E.,2
1407,Diplo,Vybz Cartel,1
1408,Diplo,Pantera Os Danadinhos,2
1409,Diplo,Sandra Melody,2
1410,Vybz Cartel,Pantera Os Danadinhos,1
1411,Vybz Cartel,Sandra Melody,1
1412,Pantera Os Danadinhos,Sandra Melody,1
1413,Diplo,Metronomy,1
1414,Diplo,Derek Allen,1
1415,Diplo,Eprom,1
1416,Diplo,Faustix & Imanos,2
1417,Diplo,Kai,4
1418,Faustix & Imanos,Kai,2
1419,Diplo,Alvaro,1
1420,Diplo,Kstylis,1
1421,Alvaro,Kstylis,1
1422,Diplo,LNY TNZ,2
1423,Diplo,Yellow Claw,1
1424,Diplo,Waka Flocka Flame,2
1425,LNY TNZ,Yellow Claw,1
1426,LNY TNZ,Waka Flocka Flame,2
1427,Yellow Claw,Waka Flocka Flame,2
1428,Diplo,Deorro,4
1429,Diplo,Steve Aoki,2
1430,Diplo,Steve Bays,4
1431,Deorro,Steve Aoki,2
1432,Deorro,Steve Bays,4
1433,Steve Aoki,Steve Bays,4
1434,Diplo,Angger Dimas,5
1435,Diplo,Travis Porter,4
1436,Angger Dimas,Travis Porter,4
1437,Diplo,Nicky Da B,4
1438,Diplo,Danny Diggz,2
1439,Faustix & Imanos,Danny Diggz,1
1440,Kai,Danny Diggz,2
1441,Diplo,Thugli,2
1442,Diplo,Rickyxsan,2
1443,Deorro,Rickyxsan,2
1444,Steve Aoki,Rickyxsan,2
1445,Steve Bays,Rickyxsan,2
1446,Diplo,Tony Romera,2
1447,Angger Dimas,Tony Romera,2
1448,Travis Porter,Tony Romera,2
1449,Diplo,Party Favor,2
1450,Nicky Da B,Party Favor,1
1451,Diplo,Faustix,2
1452,Diplo,Imanos,2
1453,Faustix,Imanos,2
1454,Faustix,Kai,2
1455,Imanos,Kai,2
1456,Diplo & Alvaro,Kstylis,1
1457,Yellow Claw,Diplo,2
1458,Yellow Claw,LNY TNZ,2
1459,Steve Aoki,Diplo,2
1460,Steve Aoki,Deorro,2
1461,Diplo,Nickesse T. Toney,2
1462,Faustix,Danny Diggz,1
1463,Imanos,Danny Diggz,1
1464,Good Times Ahead,Thugli,1
1465,Nickesse T. Toney,Party Favor,1
1466,Yellow Claw,Wacka Flocka Flame,1
1467,LNY TNZ,Diplo,1
1468,LNY TNZ,Wacka Flocka Flame,1
1469,Diplo,Wacka Flocka Flame,1
1470,Diplo,Travis Porte,1
1471,Angger Dimas,Travis Porte,1
1472,Spank Rock,Diplo,1
1473,CSS,Diplo,1
1474,Hot Chip,Diplo,1
1475,Black Lips,Diplo,1
1476,Claude VonStroke,Diplo,1
1477,Diplo,Vybz Kartel,1
1478,David Morales,Tamra Keenan,5
1479,K.Flay,Travis Barker,1
1480,K.Flay,Tom Morello,1
1481,K.Flay,B. Lewis,2
1482,MC Lars,K.Flay,7
1483,John Dahlbäck,Melanie Fontana,1
1484,John Dahlbäck,Davis Mallory,1
1485,John Dahlbäck,Nick & Simon,1
1486,John Dahlbäck,TRØVES,1
1487,John Dahlbäck,Alexx Mack,3
1488,John Dahlbäck,Lovestarrs,1
1489,John Dahlbäck,Luke McMaster,1
1490,John Dahlbäck,Craig Smart,1
1491,John Dahlbäck,Basto,3
1492,John Dahlbäck,Elodie,2
1493,John Dahlbäck,Arno Cost,1
1494,John Dahlbäck,Yota,1
1495,Rebecca & Fiona,Derek Pope,1
1496,Rebecca & Fiona,Marcy Chin,2
1497,Rebecca & Fiona,Skander,1
1498,Rebecca & Fiona,Parham,2
1499,Rebecca & Fiona,Wyme,1
1500,Parham,Marcy Chin,1
1501,Parham,Wyme,1
1502,Marcy Chin,Wyme,1
1503,Rebecca & Fiona,HABIB1,1
1504,Rebecca & Fiona,Fox & Charm,1
1505,Rebecca & Fiona,Grenda,1
1506,Rebecca & Fiona,Slackin Beats,1
1507,Rebecca & Fiona,D.O.D,1
1508,Rebecca & Fiona,Nibla,1
1509,Rebecca & Fiona,Kevin Courtois,1
1510,Rebecca & Fiona,Pachi,1
1511,Rebecca & Fiona,Duvchi,1
1512,Rafha Madrid,Luis Mendez,1
1513,Chus & Ceballos,Marlon D,1
1514,Mario Ochoa,Siwell Remix,1
1515,Criss Source,Jerome Robins,1
1516,Yves Larock,Muzzaik,1
1517,The Henchmen,Nemanja Stamenkovic,1
1518,The Henchmen,Danny Leblack Mayday,1
1519,Nemanja Stamenkovic,Danny Leblack Mayday,1
1520,Groove Foundation,Jay Vegas,1
1521,Alex Zamm,Rafha Madrid,1
1522,Guille Placencia,George Privatti,1
1523,David Penn,Jabato,1
1524,David Penn,Prok & Fitch,1
1525,Jabato,Prok & Fitch,1
1526,Rebecca & Fiona,Daleri,1
1527,Mat Zo,Porter Robinson,1
1528,Mat Zo,Botnek,1
1529,Porter Robinson,Botnek,1
1530,Botnek,Savage Skulls,1
1531,Kaskade,Carli,1
1532,Rebecca & Fiona,Carli,1
1533,Rebecca & Fiona,Nause,1
1534,Rebecca & Fiona,Adrian Lux,1
1535,Nause,Adrian Lux,1
1536,Rebecca & Fiona,Wax Motif,1
1537,Rebecca & Fiona,Spank Rock,1
1538,Neon Trees,Kaskade,1
1539,Neon Trees,Steve Smart & Westfunk,1
1540,Neon Trees,DJs From Mars,1
1541,Neon Trees,Tyler Glenn,1
1542,Neon Trees,Expensive People,1
1543,Kaskade,Seamus Haji,1
1544,Seamus Haji,Haley,1
1545,Haley,Kaskade,1
1546,Project 46,Olivia,2
1547,Project 46,Brooke Tomlinson,2
1548,Project 46,Jovany,1
1549,Project 46,Sam James,2
1550,Project 46,Jesse Weeks,2
1551,Project 46,Karl Wolf,2
1552,Project 46,Ava Koci,2
1553,Laidback Luke,Project 46,1
1554,Project 46,HALIENE,2
1555,Alex Gaudino,POLINA,21
1556,Alex Gaudino,Black Legend,1
1557,POLINA,Black Legend,1
1558,Alex Gaudino,Dyson Kellerman,1
1559,POLINA,Dyson Kellerman,1
1560,Alex Gaudino,Márió,2
1561,Alex Gaudino,Jordin Sparks,4
1562,Alex Gaudino,Kelly Rowland,5
1563,Alex Gaudino,Taboo,8
1564,Alex Gaudino,Jay Sean,2
1565,Alex Gaudino,JRDN,2
1566,Alex Gaudino,Mandy Ventrice,2
1567,Alex Gaudino,Niles Mason,2
1568,Alex Gaudino,Mario,1
1569,Alex Gaudino,Crystal Waters,10
1570,Alex Gaudino,Sam Obernik,1
1571,Alex Gaudino,Jerma,1
1572,Alex Gaudino,Ulta Nate,1
1573,Alex Gaudino,Alexandra Prince,1
1574,Alex Gaudino,Nari,3
1575,Alex Gaudino,Milani,3
1576,Alex Gaudino,Carl,2
1577,Nari,Milani,3
1578,Nari,Carl,2
1579,Milani,Carl,2
1580,Alex Gaudino,Jason Rooney,1
1581,Alex Gaudino,U.S.U.R.A.,1
1582,Jason Rooney,U.S.U.R.A.,1
1583,Alex Gaudino,Capricorn,1
1584,Nari,Capricorn,1
1585,Milani,Capricorn,1
1586,Alex Gaudino,Shena,14
1587,Dragonette,Dada,1
1588,Dragonette,Mike Mago,1
1589,Martin Solveig,Dragonette,5
1590,Martin Solveig,Kele,1
1591,Martin Solveig,Dev,1
1592,Martin Solveig,Idoling!!!,1
1593,Dragonette,Idoling!!!,1
1594,Martin Solveig,Sunday Girl,1
1595,Dragonette,Buffet Libre,1
1596,Dragonette,Richard Philips,1
1597,Dragonette,Michael Di Francesco,1
1598,Kill The Buzz,Phoenix Heru,1
1599,PØP CULTUR,Rush & Hydro,1
1600,Clef & Canberra,SGX,1
1601,Next Promises,hackeDJackerz,1
1602,YLLOW,OMZ,1
1603,BonRen,NAEMS,1
1604,RAIDH,Kamix,1
1605,RAIDH,S4D,1
1606,Kamix,S4D,1
1607,MR.BLACK,Ale Mora,1
1608,Kura,Syzz,1
1609,Swanky Tunes,Toby Callum,1
1610,Aryue,Lola Rhodes,2
1611,GLN,Mark Vox,2
1612,DMITRY ENMAN,Brittany McQuinn,2
1613,Nick Fox,Hard Lights,2
1614,Nick Fox,Gummy Kid,2
1615,Hard Lights,Gummy Kid,2
1616,Cosmo,Skoro,4
1617,Cosmo,JuicyTrax,2
1618,Cosmo,Amber Revival,2
1619,Skoro,JuicyTrax,2
1620,Skoro,Amber Revival,2
1621,JuicyTrax,Amber Revival,2
1622,Aryue,KD Soundsystem,2
1623,Aryue,ZESKULLZ,2
1624,KD Soundsystem,ZESKULLZ,2
1625,Rhannes,Sedate,2
1626,FootriX,Falco,2
1627,VANDLS,BassRox,2
1628,ZESKULLZ,The Playmore,2
1629,Newclaess,Gigo'n'Migo,2
1630,Newclaess,Anthony Meyer,2
1631,Gigo'n'Migo,Anthony Meyer,2
1632,Sputniq,Cosmo & Skoro,2
1633,Relanium,Deen West,1
1634,Relanium,L-Dis,1
1635,Deen West,L-Dis,1
1636,Moth Circuit,Cyborgs,2
1637,Moth Circuit,Evolsi,2
1638,Cyborgs,Evolsi,2
1639,Jegers,Kom,2
1640,Pation,Jake O'neil,2
1641,Sagan,Gregori Hawk,1
1642,Sagan,LexBlaze,1
1643,Gregori Hawk,LexBlaze,1
1644,ZESKULLZ,The Dual Personality,2
1645,Mekko,Somehotdays,2
1646,FRNDS,Cosmo,2
1647,FRNDS,Skoro,2
1648,Rasster,PLAYMORE,1
1649,Swanky Tunes,Full Fiction,1
1650,Swanky Tunes,Hard Rock Sofa,1
1651,Full Fiction,Hard Rock Sofa,1
1652,School Of Seven Bells,Mux Mool,1
1653,Skrillex,pennybirdrabbit,1
1654,Skrillex,Bare Noize,2
1655,Skrillex,Foreign Beggars,1
1656,Bare Noize,Foreign Beggars,1
1657,Skrillex,Noisia,1
1658,Skrillex,Zedd,2
1659,Skrillex,Sirah,2
1660,Sirah,Zedd,1
1661,Quadron,Kendrick Lamar,1
1662,Quadron,Classixx,1
1663,Quadron,Branko,1
1664,Dada Life,Corey James,1
1665,Dada Life,Anthony Mills,4
1666,Dada Life,Funkin Matt,1
1667,Anthony Mills,Funkin Matt,1
1668,Dada Life,Steff da Campo,1
1669,Dada Life,Hardwell,1
1670,Dada Life,Stadiumx,1
1671,Dada Life,RABBII,4
1672,Dada Life,Damien N-Drix,1
1673,RABBII,Anthony Mills,2
1674,RABBII,Damien N-Drix,1
1675,Anthony Mills,Damien N-Drix,1
1676,Dada Life,Sound Of Legend,1
1677,Dada Life,Max White,2
1678,Dada Life,Game Over Djs,1
1679,Max White,Game Over Djs,1
1680,Dada Life,Mike Williams,1
1681,Dada Life,Teamworx,1
1682,Dada Life,Jose De Mara,1
1683,Dada Life,Crusy,1
1684,RABBII,Jose De Mara,1
1685,RABBII,Crusy,1
1686,Jose De Mara,Crusy,1
1687,Dan Black,Kelis,2
1688,Dan Black,Imogen Heap,2
1689,Dan Black,Kid Cudi,1
1690,Rebecca,Smaven,1
1691,Adam.K,Soha,1
1692,Mike Hawkins,Disfunk,2
1693,Mike Hawkins,Oisín,2
1694,Mike Hawkins,Dave Winnel,2
1695,Disfunk,Oisín,2
1696,Disfunk,Dave Winnel,2
1697,Oisín,Dave Winnel,2
1698,Flatdisk,Bitter's Kiss,2
1699,Corey James,Teamworx,2
1700,Corey James,Kobi The Alien,2
1701,Teamworx,Kobi The Alien,2
1702,Michael Feiner,Fraanklyn,2
1703,Michael Feiner,Madwill,2
1704,Michael Feiner,Simon De Jano,2
1705,Fraanklyn,Madwill,2
1706,Fraanklyn,Simon De Jano,2
1707,Madwill,Simon De Jano,2
1708,Max Vangeli,Mackenzie Thoms,2
1709,Max Vangeli,Francis Marvel,2
1710,Max Vangeli,Kacie Marie,2
1711,Francis Marvel,Kacie Marie,2
1712,Afrojack,Laidback Luke,2
1713,Afrojack,Hawkboy,2
1714,Laidback Luke,Hawkboy,2
1715,Max Vangeli,Flatdisk,2
1716,Tommy Trash,NGHTMRE,2
1717,eSQUIRE,Petch,1
1718,eSQUIRE,Sian Evans,1
1719,Petch,Sian Evans,1
1720,Tiësto,An21 & Max Vangeli,1
1721,Tiësto,Lover Lover,1
1722,An21 & Max Vangeli,Lover Lover,1
1723,An21 & Max Vangeli,Bnann,1
1724,Congorock,An21 & Max Vangeli,1
1725,An21 & Max Vangeli,Julie Mc Kinight,1
1726,Steve Angello,An21 & Max Vangeli,1
1727,Michael Woods,An21 & Max Vangeli,1
1728,An21 & Max Vangeli,Example,1
1729,MOGUAI,An21 & Max Vangeli,1
1730,Kim Fai,An21 & Max Vangeli,1
1731,An21 & Max Vangeli,Rudy,1
1732,Sultan + Shepard,Fractures,1
1733,Sultan + Shepard,Nathan Nicholson,1
1734,Sultan + Shepard,Richard Walters,2
1735,Sultan + Shepard,The Cut,1
1736,Sultan + Shepard,Mougleta,4
1737,Sultan + Shepard,Rock Mafia,2
1738,Sultan + Shepard,Bahari,2
1739,Rock Mafia,Bahari,2
1740,Sultan + Shepard,Showtek,1
1741,Tritonal,Sultan + Shepard,2
1742,Tritonal,Zach Sorgen,2
1743,Sultan + Shepard,Zach Sorgen,2
1744,Sultan + Shepard,Carla Monroe,1
1745,Sultan + Shepard,Page,2
1746,Adrian Lux,Dante,2
1747,Adrian Lux,And Then,3
1748,Adrian Lux,Rebecca,1
1749,Adrian Lux,Fiona,1
1750,Adrian Lux,Axel Bauer,2
1751,Adrian Lux,Lune,5
1752,Adrian Lux,Ivan Gough,1
1753,Adrian Lux,Feenixpawl,1
1754,Dante,Ivan Gough,1
1755,Dante,Feenixpawl,1
1756,Ivan Gough,Feenixpawl,1
1757,Adrian Lux,Joakim Berg,1
1758,Adrian Lux,Bauer,1
1759,Adrian Lux,Lanford,1
1760,Bauer,Lanford,1
1761,Adrian Lux,Avicii,3
1762,Adrian Lux,PHiL GooD,1
1763,Avicii,PHiL GooD,1
1764,Adrian Lux,Ken Loi,1
1765,Adrian Lux,Franz Novotny,1
1766,And Then,Franz Novotny,1
1767,Adrian Lux,Rebecca & Fiona,1
1768,Adrian Lux,Hardwell,1
1769,Rebecca & Fiona,Hardwell,1
1770,Adrian Lux,The Good Natured,2
1771,Adrian Lux,R3HAB,2
1772,Lune,R3HAB,2
1773,Adrian Lux,Philgood,1
1774,Avicii,Philgood,1
1775,Adrian Lux,Jef Martens,1
1776,The Good Natured,Jef Martens,1
1777,Justin Michael,Jason Lent,4
1778,Justin Michael,Gina Rene,2
1779,Justin Michael,Blake Reary,1
1780,Justin Michael,Donnie Romello,3
1781,Blake Reary,Donnie Romello,1
1782,Justin Michael,Tre Hardson,1
1783,EDX,Mingue,1
1784,EDX,Hadley,8
1785,EDX,Nadia Ali,4
1786,EDX,John Williams,9
1787,EDX,Sam Obernik,6
1788,EDX,Sarah McLeod,9
1789,EDX,Tamra Keenan,12
1790,EDX,Seamus Haji,5
1791,EDX,Jerique,3
1792,Seamus Haji,Jerique,3
1793,EDX,CAZZETTE,1
1794,Hadley,CAZZETTE,1
1795,EDX,Jerique Allan,2
1796,Seamus Haji,Jerique Allan,2
1797,EDX,CAZETTE,1
1798,Hadley,CAZETTE,1
1799,EDX,Arston,1
1800,EDX,Andrew Bennett,1
1801,Nadia Ali,Andrew Bennett,1
1802,EDX,Mysto & Pizzi,1
1803,John Williams,Mysto & Pizzi,1
1804,EDX,Antonio Giacca,1
1805,Sam Obernik,Antonio Giacca,1
1806,EDX,Tommy Trash,1
1807,Sarah McLeod,Tommy Trash,1
1808,EDX,Luke Carpenter,1
1809,EDX,Inpetto,1
1810,Tamra Keenan,Inpetto,1
1811,EDX,Hailing Jordan,1
1812,EDX,Mor Avrahami,1
1813,EDX,Third District,1
1814,EDX,Cedric Zeyenne,1
1815,EDX,Nelski,1
1816,Seamus Haji,Nelski,1
1817,Jerique,Nelski,1
1818,Kwan Hendry,SoulCream,1
1819,AstroShift,Krista Richards,1
1820,AstroShift,S69,1
1821,Krista Richards,S69,1
1822,E.P.I.C.,Julie Thompson,1
1823,John Dahlbäck,Henrik B,1
1824,Chris Reece,Romina Andrews,1
1825,Incognet,Mad Max,1
1826,Halbro,KhoMha,1
1827,Dabruck & Klein,Julian Smith,1
1828,Dabruck & Klein,Gregori Klosman,1
1829,Julian Smith,Gregori Klosman,1
1830,Green Velvet,Nicky Romero,1
1831,Dinka,Inpetto,1
1832,Dobenbeck,Chris Reece,1
1833,EDX,SIKK,1
1834,EDX,Helvetic Nerds,2
1835,The Radio K,Chris Reece,1
1836,EDX,Sucker DJ's,1
1837,Daniel Portman,Helvetic Nerds,1
1838,Dinka,DJ Chus,1
1839,Clinton Brown,Tony Gomez,1
1840,The Cruzaders,Veerus,1
1841,The Cruzaders,Maxie Devine,1
1842,Veerus,Maxie Devine,1
1843,EDX,Passenger 10,1
1844,Felipe Kaval,Leventina,1
1845,Tatana,Martin Roth,1
